CheckList-49433.xlsx,1
RFI-49433.xlsx,1
CheckList-49434.xlsx,0
RFI-49434.xlsx,0
CheckList-49435.xlsx,1
RFI-49435.xlsx,1
CheckList-49436.xlsx,1
RFI-49436.xlsx,1
CheckList-49437.xlsx,1
RFI-49437.xlsx,1
CheckList-49438.xlsx,1
RFI-49438.xlsx,1
CheckList-48328.xlsx,1
RFI-48328.xlsx,2
CheckList-49439.xlsx,1
RFI-49439.xlsx,1
CheckList-49578.xlsx,0
RFI-49578.xlsx,0
CheckList-49577.xlsx,1
RFI-49577.xlsx,1
CheckList-49576.xlsx,0
RFI-49576.xlsx,0
CheckList-49575.xlsx,1
RFI-49575.xlsx,1
CheckList-49574.xlsx,0
RFI-49574.xlsx,0
CheckList-49573.xlsx,1
RFI-49573.xlsx,1
CheckList-49572.xlsx,1
RFI-49572.xlsx,1
