CheckList-63791.xlsx,1
RFI-63791.xlsx,2
CheckList-63792.xlsx,1
RFI-63792.xlsx,2
CheckList-63793.xlsx,1
RFI-63793.xlsx,2
CheckList-63794.xlsx,1
RFI-63794.xlsx,2
CheckList-63795.xlsx,0
RFI-63795.xlsx,0
CheckList-62568.xlsx,1
RFI-62568.xlsx,1
CheckList-62567.xlsx,1
RFI-62567.xlsx,1
CheckList-62599.xlsx,1
RFI-62599.xlsx,1
CheckList-62600.xlsx,0
RFI-62600.xlsx,0
CheckList-62601.xlsx,1
RFI-62601.xlsx,1
CheckList-62602.xlsx,1
RFI-62602.xlsx,1
CheckList-62603.xlsx,0
RFI-62603.xlsx,0
CheckList-62604.xlsx,1
RFI-62604.xlsx,1
CheckList-62605.xlsx,1
RFI-62605.xlsx,1
CheckList-63945.xlsx,0
RFI-63945.xlsx,0
CheckList-63944.xlsx,1
RFI-63944.xlsx,2
CheckList-63943.xlsx,1
RFI-63943.xlsx,2
CheckList-63942.xlsx,1
RFI-63942.xlsx,2
CheckList-63941.xlsx,1
RFI-63941.xlsx,2
