CheckList-54000.xlsx,1
RFI-54000.xlsx,1
CheckList-54001.xlsx,0
RFI-54001.xlsx,0
CheckList-54002.xlsx,1
RFI-54002.xlsx,1
CheckList-54003.xlsx,0
RFI-54003.xlsx,0
CheckList-54004.xlsx,1
RFI-54004.xlsx,1
CheckList-54005.xlsx,0
RFI-54005.xlsx,0
CheckList-54006.xlsx,1
RFI-54006.xlsx,1
CheckList-54007.xlsx,1
RFI-54007.xlsx,1
CheckList-52989.xlsx,1
RFI-52989.xlsx,1
CheckList-52990.xlsx,0
RFI-52990.xlsx,0
CheckList-52991.xlsx,1
RFI-52991.xlsx,2
CheckList-52992.xlsx,1
RFI-52992.xlsx,2
CheckList-52993.xlsx,1
RFI-52993.xlsx,2
CheckList-52994.xlsx,1
RFI-52994.xlsx,2
CheckList-54008.xlsx,1
RFI-54008.xlsx,1
CheckList-54009.xlsx,1
RFI-54009.xlsx,1
CheckList-54010.xlsx,1
RFI-54010.xlsx,1
