CheckList-70163.xlsx,1
RFI-70163.xlsx,1
CheckList-70164.xlsx,0
RFI-70164.xlsx,0
CheckList-70165.xlsx,1
RFI-70165.xlsx,1
CheckList-70166.xlsx,0
RFI-70166.xlsx,2
CheckList-70167.xlsx,0
RFI-70167.xlsx,2
CheckList-70168.xlsx,0
RFI-70168.xlsx,0
CheckList-70169.xlsx,1
RFI-70169.xlsx,1
CheckList-70170.xlsx,1
RFI-70170.xlsx,1
CheckList-70171.xlsx,0
RFI-70171.xlsx,0
CheckList-70172.xlsx,1
RFI-70172.xlsx,1
CheckList-70173.xlsx,1
RFI-70173.xlsx,1
CheckList-70192.xlsx,1
RFI-70192.xlsx,1
CheckList-70191.xlsx,0
RFI-70191.xlsx,0
CheckList-70190.xlsx,0
RFI-70190.xlsx,0
CheckList-70189.xlsx,1
RFI-70189.xlsx,1
CheckList-70188.xlsx,0
RFI-70188.xlsx,0
CheckList-70187.xlsx,1
RFI-70187.xlsx,1
CheckList-70186.xlsx,1
RFI-70186.xlsx,1
CheckList-70185.xlsx,0
RFI-70185.xlsx,0
CheckList-70184.xlsx,1
RFI-70184.xlsx,1
CheckList-70183.xlsx,0
RFI-70183.xlsx,0
